ticker,name
CES,COMMONWEALTH ENERGY SYSTEM
CER,CILCORP INC
EVRG,EVERGY INC
NCE,NEW CENTURY ENERGIES INC
SAJ,ST JOSEPH LIGHT & POWER CO
RGS1,RGS ENERGY GROUP INC
LGE,LG&E ENERGY CORP
ILAA,AQUILA MERCHANT SERVICE INC
NWPWQ,NEWPOWER HOLDINGS INC
VVPR,VIVOPOWER INTERNATIONAL PLC
FPU,FLORIDA PUBLIC UTILITIES CO
CIN,CINERGY CORP
SPKE,SPARK ENERGY INC
GNE,GENIE ENERGY LTD
EUSP,EUROSITE POWER INC
ADGE,AMERICAN DG ENERGY INC
DUK,DUKE ENERGY CORP
POM,PEPCO HOLDINGS INC
NI,NISOURCE INC
EXC,EXELON CORP
CHG,CH ENERGY GROUP INC
ED,CONSOLIDATED EDISON INC
PCG,PG&E CORP
AEE,AMEREN CORP
TEG,INTEGRYS HOLDING INC
CMS,CMS ENERGY CORP
PEG,PUBLIC SERVICE ENTERPRISE GROUP INC
DPL,DPL INC
WEC,WEC ENERGY GROUP INC
UTL,UNITIL CORP
SCG,SCANA CORP
NVE,NV ENERGY INC
LNT,ALLIANT ENERGY CORP
AVA,AVISTA CORP
NWE,NORTHWESTERN CORP
XEL,XCEL ENERGY INC
ALE,ALLETE INC
WR,WESTAR ENERGY INC
